000000441.jpg,0
000000442.jpg,2
000000443.jpg,2
000000444.jpg,2
000000445.jpg,2
000000446.jpg,0
000000447.jpg,0
000000448.jpg,0
000000449.jpg,0
000000450.jpg,0
000000451.jpg,0
000000452.jpg,0
000000453.jpg,0
000000454.jpg,0
000000455.jpg,0
000000456.jpg,1
000000457.jpg,1
000000458.jpg,1
000000459.jpg,1
000000460.jpg,0
000000461.jpg,0
000000462.jpg,0
000000463.jpg,0
000000627.jpg,0
000000628.jpg,0
000000629.jpg,0
000000630.jpg,0
000000631.jpg,0
000000632.jpg,0
000000633.jpg,3
000000634.jpg,3
000001318.jpg,0
000001319.jpg,0
000001320.jpg,0
000001321.jpg,0
000001433.jpg,0
000001434.jpg,0
000001435.jpg,0
000001436.jpg,1
000001649.jpg,0
000001650.jpg,0
000001651.jpg,0
000001652.jpg,0
000001653.jpg,1
000001654.jpg,0
000001655.jpg,0
000001656.jpg,1
000001657.jpg,0
000001658.jpg,0
000001659.jpg,1
000001660.jpg,1
000002960.jpg,0
000002961.jpg,0
000002962.jpg,1
000002963.jpg,0
000002964.jpg,1
000002965.jpg,0
000002966.jpg,0
000002967.jpg,0
000002995.jpg,0
000002996.jpg,0
000002997.jpg,1
000002998.jpg,0
000002999.jpg,0
000003000.jpg,0
000003001.jpg,0
000003002.jpg,0
000003003.jpg,0
000003004.jpg,0
000003005.jpg,1
000003006.jpg,0
000003007.jpg,0
000003008.jpg,1
000003009.jpg,0
000003010.jpg,0
000003011.jpg,0
000003012.jpg,1
000003013.jpg,0
000003014.jpg,0
000003015.jpg,0
000003016.jpg,0
000003017.jpg,1
000003045.jpg,0
000003046.jpg,0
000003047.jpg,0
000003048.jpg,0
000003049.jpg,0
000003050.jpg,0
000003051.jpg,1
000003052.jpg,1
000003053.jpg,0
000003234.jpg,0
000003235.jpg,0
000003236.jpg,1
000003237.jpg,0
000003238.jpg,0
000003239.jpg,0
000003240.jpg,0
000003241.jpg,1
000003242.jpg,1
000003243.jpg,0
000003244.jpg,0
000003245.jpg,0
000003246.jpg,0
000003247.jpg,0
000003248.jpg,0
000003249.jpg,1
000003250.jpg,1
000003251.jpg,0
000003252.jpg,0
000003253.jpg,0
000003254.jpg,0
000003255.jpg,0
000003256.jpg,0
000003257.jpg,1
000003258.jpg,0
000003259.jpg,0
000003260.jpg,1
000003261.jpg,0
000003262.jpg,0
000003263.jpg,0
000003264.jpg,1
000003265.jpg,0
000003359.jpg,1
000003360.jpg,0
000003361.jpg,0
000003362.jpg,0
000003425.jpg,0
000003426.jpg,1
000003427.jpg,0
000003428.jpg,1
000003497.jpg,0
000003498.jpg,1
000003499.jpg,0
000003500.jpg,0
000003501.jpg,0
000003502.jpg,1
000003503.jpg,0
000004056.jpg,0
000004057.jpg,0
000004058.jpg,0
000004059.jpg,1
000004060.jpg,1
000004061.jpg,0
000004062.jpg,0
000004063.jpg,0
000004064.jpg,0
000004065.jpg,0
000004066.jpg,0
000004067.jpg,1
000004068.jpg,0
000004069.jpg,0
000004070.jpg,0
000004071.jpg,1
000004072.jpg,0
000004073.jpg,0
000004074.jpg,0
000004075.jpg,1
000004076.jpg,0
000004077.jpg,0
000004078.jpg,1
000004079.jpg,0
000004080.jpg,1
000004081.jpg,1
000004082.jpg,0
000004083.jpg,0
000004084.jpg,0
000004085.jpg,0
000004086.jpg,0
000004087.jpg,1
000004088.jpg,0
000004089.jpg,0
000004090.jpg,0
000004091.jpg,1
000004092.jpg,0
000004093.jpg,0
000004094.jpg,1
000004095.jpg,0
000004096.jpg,0
000004097.jpg,0
000004098.jpg,0
000004099.jpg,1
000004100.jpg,0
000004101.jpg,0
000004102.jpg,0
000004103.jpg,2
000004104.jpg,2
000004105.jpg,0
000004106.jpg,0
000004107.jpg,1
000004108.jpg,1
000004109.jpg,2
000004110.jpg,0
000004111.jpg,1
000004119.jpg,1
000004120.jpg,0
000004121.jpg,0
000004122.jpg,0
000005345.jpg,0
000005346.jpg,0
000005347.jpg,0
000005348.jpg,1
000005349.jpg,0
000005350.jpg,0
000005351.jpg,1
000005352.jpg,0
000005353.jpg,0
000005354.jpg,0
000005355.jpg,0
000005356.jpg,1
000005357.jpg,0
000005358.jpg,0
000005359.jpg,0
000005360.jpg,1
000005361.jpg,0
000005362.jpg,1
000005363.jpg,0
000005364.jpg,0
000005785.jpg,0
000005786.jpg,0
000005787.jpg,0
000005788.jpg,0
000005789.jpg,0
000005790.jpg,0
000005791.jpg,0
000005792.jpg,0
000005793.jpg,0
000005794.jpg,0
000005795.jpg,1
000005796.jpg,1
000005945.jpg,1
000005946.jpg,1
000005947.jpg,1
000005948.jpg,0
000005949.jpg,0
000005950.jpg,0
000005951.jpg,0
000005952.jpg,0
000006701.jpg,2
000006702.jpg,1
000006703.jpg,2
000006704.jpg,0
000006739.jpg,1
000006740.jpg,0
000006741.jpg,0
000007963.jpg,0
000007964.jpg,1
000007965.jpg,0
000007966.jpg,0
000008059.jpg,0
000008060.jpg,0
000008061.jpg,0
000008062.jpg,1
000008409.jpg,0
000008410.jpg,0
000008411.jpg,1
000009533.jpg,1
000009534.jpg,0
000009535.jpg,0
000009536.jpg,0
000011027.jpg,0
000011028.jpg,0
000011029.jpg,0
000011030.jpg,1
000011031.jpg,0
000011032.jpg,0
000011033.jpg,0
000011034.jpg,1
000011035.jpg,0
000011036.jpg,0
000011037.jpg,1
000011038.jpg,0
000011051.jpg,0
000011052.jpg,0
000011053.jpg,0
000011054.jpg,1
000011055.jpg,0
000011056.jpg,0
000011057.jpg,0
000011058.jpg,0
000011059.jpg,0
000011060.jpg,1
000011061.jpg,0
000011268.jpg,0
000011269.jpg,0
000011270.jpg,1
000011271.jpg,0
000011272.jpg,0
000011273.jpg,1
000011274.jpg,0
000011275.jpg,1
000011276.jpg,1
000011277.jpg,0
000011278.jpg,0
000011279.jpg,0
000011280.jpg,1
000011281.jpg,0
000011282.jpg,0
000011283.jpg,0
000011284.jpg,0
000011285.jpg,0
000011286.jpg,1
000011287.jpg,1
000011568.jpg,0
000011569.jpg,0
000011570.jpg,0
000011571.jpg,0
000011572.jpg,1
000011573.jpg,0
000011574.jpg,0
000011575.jpg,0
000011592.jpg,0
000011593.jpg,1
000011594.jpg,0
000011595.jpg,0
000011596.jpg,0
000011597.jpg,0
000011598.jpg,0
000011599.jpg,1
000011600.jpg,0
000011601.jpg,0
000011602.jpg,0
000011603.jpg,1
000012266.jpg,0
000012267.jpg,0
000012268.jpg,1
000012269.jpg,2
000012270.jpg,0
000012271.jpg,0
000012272.jpg,0
000012273.jpg,1
000012274.jpg,0
000012275.jpg,1
000012276.jpg,0
000012277.jpg,0
000012278.jpg,0
000012279.jpg,1
000012280.jpg,0
000012281.jpg,1
000012282.jpg,1
000012283.jpg,0
000012284.jpg,0
000012285.jpg,0
000012286.jpg,0
000012287.jpg,1
000012288.jpg,0
000012289.jpg,0
000012290.jpg,0
000012291.jpg,1
000012292.jpg,0
000012293.jpg,0
000012294.jpg,1
000012295.jpg,1
000012296.jpg,1
000012297.jpg,0
000012298.jpg,0
000012299.jpg,0
000012786.jpg,0
000012787.jpg,1
000012788.jpg,0
000012789.jpg,0
000012790.jpg,0
000012791.jpg,0
000012792.jpg,0
000012793.jpg,0
000012794.jpg,0
000012795.jpg,0
000012796.jpg,1
000012797.jpg,1
000012798.jpg,1
000012799.jpg,0
000012800.jpg,0
000012801.jpg,0
000012802.jpg,0
000012803.jpg,0
000012804.jpg,0
000012805.jpg,0
000012806.jpg,0
000012807.jpg,0
000014026.jpg,0
000014027.jpg,0
000014028.jpg,0
000014029.jpg,1
000014030.jpg,0
000014031.jpg,0
000014032.jpg,0
000014033.jpg,0
000014034.jpg,1
000014035.jpg,0
000014036.jpg,0
000014037.jpg,0
000014038.jpg,1
000014039.jpg,0
000014040.jpg,0
000014041.jpg,0
000014042.jpg,0
000014043.jpg,0
000014044.jpg,1
000014045.jpg,0
000014046.jpg,0
000014047.jpg,0
000014048.jpg,1
000014049.jpg,0
000014349.jpg,0
000014350.jpg,0
000014351.jpg,0
000014352.jpg,1
000014353.jpg,0
000014354.jpg,0
000014355.jpg,0
000014356.jpg,1
000014357.jpg,0
000014358.jpg,0
000014359.jpg,0
000015195.jpg,0
000015196.jpg,0
000015197.jpg,0
000015198.jpg,0
000015199.jpg,0
000015200.jpg,1
000015201.jpg,0
000015202.jpg,0
000015203.jpg,0
000015204.jpg,0
000015205.jpg,0
000015206.jpg,0
000015207.jpg,0
000015208.jpg,0
000015209.jpg,0
000015210.jpg,0
000015211.jpg,0
000015212.jpg,0
000015213.jpg,0
000015214.jpg,0
000015215.jpg,0
000015234.jpg,1
000015235.jpg,0
000015236.jpg,0
000015237.jpg,0
000015238.jpg,0
000015239.jpg,0
000015240.jpg,1
000015249.jpg,0
000015250.jpg,0
000015251.jpg,0
000015252.jpg,1
000015253.jpg,0
000015254.jpg,0
000015255.jpg,0
000015256.jpg,0
000015257.jpg,0
000015258.jpg,1
000015259.jpg,1
000015260.jpg,0
000015261.jpg,0
000015262.jpg,0
000015263.jpg,0
000015264.jpg,0
000015593.jpg,0
000015594.jpg,0
000015595.jpg,0
000015596.jpg,0
000015597.jpg,0
000015598.jpg,1
000015599.jpg,0
000015600.jpg,0
000015601.jpg,0
000015602.jpg,1
000015603.jpg,0
000015604.jpg,0
000015605.jpg,0
000015606.jpg,0
000015607.jpg,0
000015608.jpg,0
000015609.jpg,0
000015610.jpg,0
000016071.jpg,0
000016072.jpg,0
000016073.jpg,0
000016074.jpg,0
000016075.jpg,0
000016076.jpg,0
000016077.jpg,0
000016078.jpg,1
000016079.jpg,1
000016080.jpg,2
000016081.jpg,2
000016082.jpg,0
000016083.jpg,0
000016084.jpg,0
000016110.jpg,0
000016111.jpg,0
000016112.jpg,0
000016113.jpg,0
000016114.jpg,0
000016115.jpg,0
000016116.jpg,1
000016117.jpg,0
000016118.jpg,1
000016119.jpg,0
000016120.jpg,0
000016121.jpg,0
000016122.jpg,1
000016123.jpg,0
000016247.jpg,0
000016248.jpg,0
000016249.jpg,0
000016250.jpg,0
000016251.jpg,0
000016252.jpg,0
000016253.jpg,0
000016828.jpg,0
000016829.jpg,0
000016830.jpg,0
000016831.jpg,0
000016832.jpg,0
000016833.jpg,0
000016834.jpg,1
000016842.jpg,0
000016843.jpg,1
000016844.jpg,0
000016845.jpg,0
000016846.jpg,0
000016847.jpg,0
000016848.jpg,0
000016849.jpg,1
000016850.jpg,0
000016851.jpg,1
000016852.jpg,0
000016853.jpg,0
000016854.jpg,0
000016855.jpg,1
000016856.jpg,0
000016857.jpg,0
000016858.jpg,0
000016859.jpg,1
000016860.jpg,0
000016861.jpg,0
000016862.jpg,0
000016863.jpg,0
000016864.jpg,0
000016865.jpg,1
000016866.jpg,1
000016867.jpg,0
000016868.jpg,0
000016869.jpg,0
000016870.jpg,0
000016871.jpg,1
000016872.jpg,0
000016873.jpg,0
000016874.jpg,0
000016875.jpg,0
000016876.jpg,1
000016877.jpg,0
000016878.jpg,1
000016879.jpg,0
000016880.jpg,0
000016881.jpg,0
000016882.jpg,1
000016883.jpg,0
000016884.jpg,0
000016885.jpg,0
000016886.jpg,1
000016887.jpg,0
000016888.jpg,0
000016889.jpg,0
000016890.jpg,1
000016891.jpg,0
000016892.jpg,0
000016893.jpg,0
000016894.jpg,0
000016895.jpg,1
000016896.jpg,0
000016897.jpg,0
000016898.jpg,0
000016899.jpg,1
000016900.jpg,0
000016901.jpg,0
000016902.jpg,0
000016903.jpg,0
000016904.jpg,1
000016905.jpg,0
000016906.jpg,0
000016907.jpg,1
000016908.jpg,0
000016909.jpg,0
000016910.jpg,0
000016911.jpg,1
000016912.jpg,0
000016913.jpg,0
000016914.jpg,0
000016915.jpg,1
000016916.jpg,0
000016917.jpg,0
000016918.jpg,0
000016919.jpg,1
000016920.jpg,0
000016921.jpg,0
000016922.jpg,0
000016923.jpg,1
000016924.jpg,0
000016925.jpg,0
000016926.jpg,0
000016927.jpg,1
000016928.jpg,0
000016929.jpg,0
000016930.jpg,0
000016931.jpg,1
000016932.jpg,0
000016933.jpg,0
000016934.jpg,0
000016935.jpg,1
000016936.jpg,0
000016937.jpg,0
000016938.jpg,0
000016939.jpg,1
000016940.jpg,0
000016941.jpg,0
000016942.jpg,0
000016943.jpg,1
000016944.jpg,0
000016945.jpg,0
000016946.jpg,0
000016947.jpg,1
000016948.jpg,0
000016949.jpg,0
000016950.jpg,0
000016951.jpg,1
000016952.jpg,0
000016953.jpg,0
000016954.jpg,0
000016955.jpg,1
000016956.jpg,0
000016957.jpg,0
000016958.jpg,0
000016959.jpg,1
000016960.jpg,0
000016961.jpg,0
000016962.jpg,0
000016963.jpg,1
000016964.jpg,0
000016965.jpg,0
000016966.jpg,0
000016967.jpg,1
000016968.jpg,0
000016969.jpg,0
000016970.jpg,1
000016971.jpg,0
000016972.jpg,0
000016973.jpg,0
000016974.jpg,1
000016975.jpg,0
000016976.jpg,0
000016977.jpg,0
000016978.jpg,1
000016979.jpg,0
000016980.jpg,0
000016981.jpg,0
000016982.jpg,0
000016983.jpg,1
000016984.jpg,0
000016985.jpg,0
000016986.jpg,0
000016987.jpg,1
000016988.jpg,0
000016989.jpg,0
000016990.jpg,0
000016991.jpg,1
000016992.jpg,0
000016993.jpg,0
000016994.jpg,0
000016995.jpg,0
000016996.jpg,1
000016997.jpg,0
000016998.jpg,0
000016999.jpg,1
000017000.jpg,0
000017001.jpg,0
000017002.jpg,0
000017003.jpg,1
000017004.jpg,0
000017005.jpg,0
000017006.jpg,0
000017007.jpg,1
000017008.jpg,0
000017009.jpg,0
000017010.jpg,1
000017011.jpg,0
000017012.jpg,0
000017013.jpg,0
000017014.jpg,1
000017015.jpg,0
000017016.jpg,0
000017017.jpg,0
000017018.jpg,1
000017019.jpg,0
000017020.jpg,0
000017021.jpg,0
000017022.jpg,0
000017023.jpg,1
000017024.jpg,0
000017025.jpg,0
000017026.jpg,0
000017027.jpg,1
000017028.jpg,0
000017029.jpg,0
000017030.jpg,0
000017031.jpg,0
000017032.jpg,0
000017033.jpg,1
000017034.jpg,1
000017035.jpg,0
000017036.jpg,0
000017037.jpg,0
000017038.jpg,0
000017039.jpg,1
000017040.jpg,0
000017041.jpg,0
000017042.jpg,0
000017043.jpg,1
000017044.jpg,0
000017045.jpg,0
000017046.jpg,0
000017047.jpg,1
000017048.jpg,0
000017049.jpg,0
000017050.jpg,0
000017051.jpg,1
000017052.jpg,0
000017053.jpg,0
000017054.jpg,0
000017055.jpg,1
000017056.jpg,0
000017057.jpg,0
000017058.jpg,0
000017059.jpg,1
000017060.jpg,0
000017061.jpg,0
000017062.jpg,0
000017063.jpg,1
000017064.jpg,0
000017065.jpg,0
000017066.jpg,0
000017067.jpg,1
000017068.jpg,0
000017069.jpg,0
000017070.jpg,0
000017071.jpg,0
000017072.jpg,1
000017073.jpg,0
000017074.jpg,0
000017075.jpg,1
000017076.jpg,0
000017077.jpg,0
000017078.jpg,0
000017079.jpg,1
000017080.jpg,0
000017081.jpg,0
000017082.jpg,0
000017083.jpg,1
000017084.jpg,0
000017085.jpg,0
000017086.jpg,0
000017087.jpg,1
000017088.jpg,0
000017089.jpg,0
000017090.jpg,0
000017091.jpg,1
000017092.jpg,0
000017093.jpg,0
000017094.jpg,0
000017095.jpg,1
000017096.jpg,0
000017097.jpg,0
000017098.jpg,0
000017099.jpg,1
000017100.jpg,0
000017101.jpg,0
000017102.jpg,0
000017103.jpg,1
000017104.jpg,0
000017105.jpg,0
000017106.jpg,0
000017107.jpg,1
000017108.jpg,0
000017109.jpg,0
000017110.jpg,0
000017111.jpg,1
000017112.jpg,0
000017113.jpg,0
000017114.jpg,0
000017115.jpg,1
000017116.jpg,0
000017117.jpg,0
000017118.jpg,0
000017119.jpg,1
000017120.jpg,0
000017121.jpg,0
000017122.jpg,0
000017123.jpg,1
000017124.jpg,0
000017125.jpg,0
000017126.jpg,0
000017127.jpg,1
000017128.jpg,0
000017129.jpg,0
000017130.jpg,0
000017131.jpg,1
000017132.jpg,0
000017133.jpg,0
000017134.jpg,1
000017135.jpg,0
000017136.jpg,0
000017137.jpg,0
000017138.jpg,0
000017139.jpg,1
000017140.jpg,0
000017141.jpg,0
000017142.jpg,0
000017143.jpg,1
000017144.jpg,0
000017145.jpg,0
000017146.jpg,0
000017147.jpg,1
000017148.jpg,0
000017149.jpg,0
000017150.jpg,0
000017151.jpg,1
000017152.jpg,0
000017153.jpg,0
000017154.jpg,0
000017155.jpg,1
000017156.jpg,0
000017157.jpg,0
000017158.jpg,0
000017159.jpg,1
000017160.jpg,0
000017161.jpg,0
000017162.jpg,0
000017163.jpg,1
000017164.jpg,0
000017165.jpg,0
000017166.jpg,0
000017167.jpg,1
000017168.jpg,0
000017169.jpg,0
000017170.jpg,0
000017171.jpg,0
000017172.jpg,1
000017173.jpg,0
000017174.jpg,0
000017175.jpg,1
000017176.jpg,0
000017177.jpg,0
000017178.jpg,0
000017179.jpg,1
000017180.jpg,0
000017181.jpg,0
000017182.jpg,0
000017183.jpg,1
000017184.jpg,0
000017185.jpg,0
000017186.jpg,0
000017187.jpg,1
000017188.jpg,0
000017189.jpg,0
000017190.jpg,0
000017191.jpg,1
000017192.jpg,0
000017193.jpg,0
000017194.jpg,0
000017195.jpg,1
000017196.jpg,0
000017197.jpg,0
000017198.jpg,0
000017199.jpg,1
000017200.jpg,0
000017201.jpg,0
000017202.jpg,0
000017203.jpg,1
000017204.jpg,0
000017205.jpg,0
000017206.jpg,0
000017207.jpg,1
000017208.jpg,0
000017209.jpg,0
000017210.jpg,0
000017211.jpg,1
000017212.jpg,0
000017213.jpg,0
000017214.jpg,0
000017215.jpg,1
000017216.jpg,0
000017217.jpg,0
000017218.jpg,0
000017219.jpg,1
000017220.jpg,0
000017221.jpg,0
000017222.jpg,0
000017223.jpg,0
000017224.jpg,0
000017225.jpg,0
000017226.jpg,0
000017227.jpg,1
000017228.jpg,0
000017229.jpg,0
000017230.jpg,0
000017231.jpg,1
000017232.jpg,0
000017233.jpg,0
000017234.jpg,0
000017235.jpg,1
000017236.jpg,0
000017237.jpg,0
000017238.jpg,0
000017239.jpg,1
000017240.jpg,0
000017241.jpg,0
000017242.jpg,0
000017243.jpg,1
000017244.jpg,0
000017245.jpg,0
000017246.jpg,0
000017247.jpg,1
000017248.jpg,0
000017249.jpg,0
000017250.jpg,0
000017251.jpg,1
000017252.jpg,0
000017253.jpg,0
000017254.jpg,0
000017255.jpg,1
000017256.jpg,0
000017257.jpg,0
000017258.jpg,0
000017259.jpg,1
000017260.jpg,0
000017261.jpg,0
000017262.jpg,0
000017263.jpg,1
000017264.jpg,0
000017265.jpg,0
000017266.jpg,0
000017267.jpg,0
000017268.jpg,0
000017269.jpg,1
000017270.jpg,0
000017271.jpg,1
000017272.jpg,0
000017273.jpg,0
000017274.jpg,0
000017275.jpg,0
000017276.jpg,1
000017277.jpg,0
000017278.jpg,0
000017279.jpg,1
000017280.jpg,0
000017281.jpg,0
000017282.jpg,1
000017283.jpg,0
000017284.jpg,0
000017285.jpg,0
000017286.jpg,0
000017287.jpg,0
000017288.jpg,0
000017289.jpg,1
000017290.jpg,1
000017291.jpg,0
000017292.jpg,0
000017293.jpg,0
000017294.jpg,0
000017295.jpg,1
000017296.jpg,0
000017297.jpg,0
000017298.jpg,0
000017299.jpg,0
000017300.jpg,1
000017301.jpg,0
000017302.jpg,1
000017303.jpg,0
000017304.jpg,0
000017305.jpg,0
000017306.jpg,0
000017307.jpg,1
000017308.jpg,0
000017309.jpg,0
000017310.jpg,0
000017311.jpg,1
000017312.jpg,0
000017313.jpg,0
000017314.jpg,0
000017315.jpg,1
000017316.jpg,0
000017317.jpg,0
000017318.jpg,0
000017319.jpg,1
000017320.jpg,0
000017321.jpg,0
000017322.jpg,0
000017323.jpg,1
000017324.jpg,0
000017325.jpg,0
000017326.jpg,0
000017327.jpg,1
000017328.jpg,0
000017329.jpg,0
000017330.jpg,0
000017331.jpg,1
000017332.jpg,0
000017333.jpg,0
000017334.jpg,0
000017335.jpg,1
000017336.jpg,0
000017337.jpg,0
000017338.jpg,0
000017339.jpg,1
000017340.jpg,0
000017341.jpg,0
000017342.jpg,0
000017343.jpg,0
000017344.jpg,1
000017345.jpg,0
000017346.jpg,0
000017347.jpg,1
000017348.jpg,0
000017349.jpg,0
000017350.jpg,0
000017351.jpg,1
000017352.jpg,0
000017353.jpg,0
000017354.jpg,0
000017355.jpg,1
000017356.jpg,0
000017357.jpg,0
000017358.jpg,0
000017359.jpg,1
000017360.jpg,0
000017361.jpg,0
000017362.jpg,0
000017363.jpg,1
000017364.jpg,0
000017365.jpg,0
000017366.jpg,0
000017367.jpg,1
000017368.jpg,0
000017369.jpg,0
000017370.jpg,0
000017371.jpg,1
000017372.jpg,0
000017373.jpg,0
000017374.jpg,0
000017375.jpg,1
000017376.jpg,0
000017377.jpg,0
000017378.jpg,0
000017379.jpg,1
000017380.jpg,0
000017381.jpg,0
000017382.jpg,0
000017383.jpg,1
000017384.jpg,0
000017385.jpg,0
000017386.jpg,0
000017387.jpg,1
000017388.jpg,0
000017389.jpg,0
000017390.jpg,0
000017391.jpg,1
000017392.jpg,0
000017393.jpg,0
000017394.jpg,0
000017395.jpg,1
000017396.jpg,0
000017397.jpg,0
000017398.jpg,0
000017399.jpg,1
000017400.jpg,0
000017401.jpg,0
000017402.jpg,0
000017403.jpg,1
000017404.jpg,0
000017405.jpg,0
000017406.jpg,0
000017407.jpg,1
000017408.jpg,0
000017409.jpg,0
000017410.jpg,0
000017411.jpg,0
000017412.jpg,1
000017413.jpg,0
000017414.jpg,0
000017415.jpg,1
000017416.jpg,0
000017417.jpg,0
000017418.jpg,0
000017419.jpg,1
000017420.jpg,0
000017421.jpg,0
000017422.jpg,0
000017423.jpg,1
000017424.jpg,0
000017425.jpg,0
000017426.jpg,0
000017427.jpg,1
000017428.jpg,0
000017429.jpg,0
000017430.jpg,0
000017431.jpg,1
000017432.jpg,0
000017433.jpg,0
000017434.jpg,0
000017435.jpg,1
000017436.jpg,0
000017437.jpg,0
000017438.jpg,0
000017439.jpg,1
000017440.jpg,0
000017441.jpg,0
000017442.jpg,0
000017443.jpg,1
000017444.jpg,0
000017445.jpg,0
000017446.jpg,0
000017447.jpg,1
000017448.jpg,0
000017449.jpg,0
000017450.jpg,0
000017451.jpg,1
000017452.jpg,0
000017453.jpg,0
000017454.jpg,0
000017455.jpg,1
000017456.jpg,0
000017457.jpg,0
000017458.jpg,0
000017459.jpg,1
000017460.jpg,0
000017461.jpg,0
000017462.jpg,0
000017463.jpg,1
000017464.jpg,0
000017465.jpg,0
000017466.jpg,0
000017467.jpg,1
000017468.jpg,0
000017469.jpg,0
000017470.jpg,0
000017471.jpg,1
000017472.jpg,0
000017473.jpg,0
000017474.jpg,0
000017475.jpg,1
000017476.jpg,0
000017477.jpg,0
000017478.jpg,0
000017479.jpg,1
000017480.jpg,0
000017481.jpg,0
000017482.jpg,0
000017483.jpg,1
000017484.jpg,0
000017485.jpg,0
000017486.jpg,0
000017487.jpg,1
000017488.jpg,0
000017489.jpg,0
000017490.jpg,0
000017491.jpg,1
000017492.jpg,0
000017493.jpg,0
000017494.jpg,0
000017495.jpg,1
000017496.jpg,0
000017497.jpg,0
000017498.jpg,0
000017499.jpg,1
000017500.jpg,0
000017501.jpg,0
000017502.jpg,0
000017503.jpg,1
000017504.jpg,0
000017505.jpg,0
000017506.jpg,0
000017507.jpg,1
000017508.jpg,0
000017509.jpg,0
000017510.jpg,0
000017511.jpg,1
000017512.jpg,0
000017513.jpg,0
000017514.jpg,0
000017515.jpg,1
000017516.jpg,0
000017517.jpg,0
000017518.jpg,0
000017519.jpg,1
000017520.jpg,0
000017521.jpg,0
000017522.jpg,0
000017523.jpg,1
000017524.jpg,0
000017525.jpg,0
000017526.jpg,0
000017527.jpg,1
000017528.jpg,0
000017529.jpg,0
000017530.jpg,0
000017531.jpg,1
000017532.jpg,0
000017533.jpg,0
000017534.jpg,0
000017535.jpg,1
000017536.jpg,0
000017537.jpg,0
000017538.jpg,0
000017539.jpg,1
000017540.jpg,0
000017541.jpg,0
000017542.jpg,0
000017543.jpg,1
000017544.jpg,0
000017545.jpg,0
000017546.jpg,0
000017547.jpg,1
000017548.jpg,0
000017549.jpg,0
000017550.jpg,0
000017551.jpg,1
000017552.jpg,0
000017553.jpg,0
000017554.jpg,0
000017555.jpg,1
000017556.jpg,0
000017557.jpg,0
000017558.jpg,0
000017559.jpg,1
000017560.jpg,0
000017561.jpg,0
000017562.jpg,0
000017563.jpg,1
000017564.jpg,0
000017565.jpg,0
000017566.jpg,0
000017567.jpg,1
000017568.jpg,0
000017569.jpg,0
000017570.jpg,0
000017571.jpg,1
000017572.jpg,0
000017573.jpg,0
000017574.jpg,0
000017575.jpg,1
000017576.jpg,0
000017577.jpg,0
000017578.jpg,0
000017579.jpg,1
000017580.jpg,0
000017581.jpg,0
000017582.jpg,0
000017583.jpg,0
000017584.jpg,0
000017585.jpg,1
000017586.jpg,0
000017587.jpg,1
000017588.jpg,0
000017589.jpg,0
000017590.jpg,0
000017591.jpg,0
000017592.jpg,0
000017593.jpg,1
000017594.jpg,0
000017595.jpg,0
000017596.jpg,0
000017597.jpg,1
000017598.jpg,0
000017599.jpg,1
000017600.jpg,0
000017601.jpg,0
000017602.jpg,0
000017603.jpg,1
000017604.jpg,0
000017605.jpg,0
000017606.jpg,0
000017607.jpg,1
000017608.jpg,0
000017609.jpg,0
000017610.jpg,1
000017611.jpg,0
000017612.jpg,0
000017613.jpg,0
000017614.jpg,0
000017615.jpg,1
000017616.jpg,0
000017617.jpg,0
000017618.jpg,0
000017619.jpg,1
000017620.jpg,0
000017621.jpg,0
000017622.jpg,0
000017623.jpg,0
000017624.jpg,0
000017625.jpg,1
000017626.jpg,0
000017627.jpg,1
000017628.jpg,0
000017629.jpg,0
000017630.jpg,0
000017631.jpg,1
000017632.jpg,0
000017633.jpg,0
000017634.jpg,0
000017635.jpg,0
000017636.jpg,0
000017637.jpg,1
000017638.jpg,0
000017639.jpg,1
000017640.jpg,0
000017641.jpg,0
000017642.jpg,0
000017643.jpg,0
000017644.jpg,0
000017645.jpg,1
000017646.jpg,0
000017647.jpg,1
000017648.jpg,0
000017649.jpg,0
000017650.jpg,0
000017651.jpg,0
000017652.jpg,1
000017653.jpg,0
000017654.jpg,0
000017655.jpg,0
000017656.jpg,1
000017657.jpg,0
000017658.jpg,1
000017659.jpg,0
000017660.jpg,0
000017661.jpg,0
000017662.jpg,0
000017663.jpg,1
000017664.jpg,0
000017665.jpg,0
000017666.jpg,0
000017667.jpg,0
000017668.jpg,1
000017669.jpg,0
000017670.jpg,1
000017671.jpg,0
000017672.jpg,0
000017673.jpg,0
000017674.jpg,0
000017675.jpg,0
000017676.jpg,0
000017677.jpg,1
000017678.jpg,0
000017679.jpg,1
000017680.jpg,0
000017681.jpg,0
000017682.jpg,0
000017683.jpg,1
000017684.jpg,0
000017685.jpg,0
000017686.jpg,0
000017687.jpg,0
000017688.jpg,1
000017689.jpg,0
000017690.jpg,0
000017691.jpg,0
000017692.jpg,1
000017693.jpg,0
000017694.jpg,2
000017695.jpg,2
000017696.jpg,0
000017697.jpg,0
000017698.jpg,0
000017699.jpg,0
000017700.jpg,0
000017701.jpg,0
000017702.jpg,0
000017703.jpg,0
000017704.jpg,0
000017705.jpg,0
000017706.jpg,0
000017707.jpg,0
000017708.jpg,1
000017709.jpg,1
000017710.jpg,1
000017711.jpg,1
000017712.jpg,0
000017713.jpg,0
000017714.jpg,0
000017715.jpg,0
000017716.jpg,1
000017717.jpg,0
000017718.jpg,0
000017719.jpg,0
000017720.jpg,1
000017721.jpg,0
000017722.jpg,0
000017723.jpg,0
000017724.jpg,0
000017725.jpg,0
000017726.jpg,1
000017727.jpg,0
000017728.jpg,0
000017729.jpg,1
000017730.jpg,0
000017731.jpg,0
000017732.jpg,0
000017733.jpg,1
000017734.jpg,0
000017735.jpg,0
000017736.jpg,0
000017737.jpg,0
000017738.jpg,0
000017739.jpg,1
000017740.jpg,0
000017741.jpg,1
000017742.jpg,0
000017743.jpg,0
000017744.jpg,0
000017745.jpg,1
000017746.jpg,0
000017747.jpg,0
000017748.jpg,0
000017749.jpg,1
000017750.jpg,0
000017751.jpg,0
000017752.jpg,1
000017753.jpg,0
000017754.jpg,0
000017755.jpg,0
000017756.jpg,0
000017757.jpg,1
000017758.jpg,0
000017759.jpg,0
000017760.jpg,0
000017761.jpg,1
000017762.jpg,0
000017763.jpg,0
000017764.jpg,0
000017765.jpg,1
000017766.jpg,0
000017767.jpg,0
000017768.jpg,0
000017769.jpg,0
000017770.jpg,1
000017771.jpg,0
000017772.jpg,0
000017773.jpg,1
000017774.jpg,0
000017775.jpg,0
000017776.jpg,0
000017777.jpg,1
000017778.jpg,0
000017779.jpg,0
000017780.jpg,1
000017781.jpg,0
000017782.jpg,0
000017783.jpg,0
000017784.jpg,0
000017785.jpg,1
000017786.jpg,0
000017787.jpg,0
000017788.jpg,0
000017789.jpg,1
000017790.jpg,0
000017791.jpg,0
000017792.jpg,0
000017793.jpg,0
000017794.jpg,1
000017795.jpg,0
000017796.jpg,0
000017797.jpg,1
000017798.jpg,0
000017799.jpg,0
000017800.jpg,0
000017801.jpg,1
000017802.jpg,0
000017803.jpg,0
000017804.jpg,0
000017805.jpg,1
000017806.jpg,0
000017807.jpg,0
000017808.jpg,0
000017809.jpg,1
000017810.jpg,0
000017811.jpg,0
000017946.jpg,0
000017947.jpg,0
000017948.jpg,1
000017949.jpg,0
000017950.jpg,1
000017951.jpg,0
000017952.jpg,0
000017953.jpg,0
000017954.jpg,0
000017955.jpg,0
000017956.jpg,0
000017957.jpg,1
000017958.jpg,0
000017959.jpg,0
000017960.jpg,1
000017961.jpg,0
000017962.jpg,1
000017963.jpg,0
000017964.jpg,0
000017965.jpg,0
000017966.jpg,1
000017967.jpg,0
000019105.jpg,0
000019106.jpg,0
000019107.jpg,1
000019108.jpg,0
000019109.jpg,0
000019110.jpg,0
000019111.jpg,1
000019112.jpg,0
000020116.jpg,1
000020117.jpg,0
000020118.jpg,0
000020119.jpg,0
000020120.jpg,0
000020121.jpg,0
000020122.jpg,0
000020123.jpg,1
000020195.jpg,0
000020196.jpg,0
000020197.jpg,0
000020198.jpg,1
000020199.jpg,0
000020200.jpg,1
000020201.jpg,3
000020202.jpg,0
000020821.jpg,0
000020822.jpg,0
000020823.jpg,0
000020824.jpg,1
000020825.jpg,0
000020826.jpg,0
000020827.jpg,0
000020828.jpg,1
000022304.jpg,0
000022305.jpg,0
000022306.jpg,0
000022307.jpg,1
000022308.jpg,0
000022309.jpg,1
000022310.jpg,0
000022311.jpg,0
000022678.jpg,0
000022679.jpg,0
000022680.jpg,1
000022681.jpg,0
000022682.jpg,0
000022683.jpg,0
000022684.jpg,0
000022685.jpg,1
000023064.jpg,0
000023065.jpg,1
000023066.jpg,0
000023067.jpg,0
000023068.jpg,0
000023069.jpg,1
000023070.jpg,0
000023071.jpg,0
000023072.jpg,0
000023073.jpg,0
000023074.jpg,0
000023075.jpg,0
000023076.jpg,0
000023077.jpg,0
000023078.jpg,0
000023079.jpg,1
000023080.jpg,1
000023608.jpg,0
000023609.jpg,1
000023610.jpg,0
000023611.jpg,1
000023612.jpg,0
000023613.jpg,2
000023614.jpg,2
000023615.jpg,0
000023616.jpg,0
000023617.jpg,0
000023618.jpg,0
000023619.jpg,0
000023620.jpg,0
000023621.jpg,0
000023622.jpg,0
000023623.jpg,0
000023624.jpg,0
000023625.jpg,0
000023626.jpg,0
000023627.jpg,0
000023628.jpg,1
000023629.jpg,1
000023833.jpg,1
000023834.jpg,1
000023835.jpg,0
000023836.jpg,0
000023837.jpg,0
000023838.jpg,2
000023839.jpg,2
000023840.jpg,0
000023841.jpg,0
000023842.jpg,0
000023843.jpg,0
000023844.jpg,0
000023845.jpg,1
000023846.jpg,1
000023878.jpg,0
000023879.jpg,0
000023880.jpg,0
000023881.jpg,1
000023882.jpg,0
000023883.jpg,1
000023884.jpg,0
000023885.jpg,0
000023941.jpg,0
000023942.jpg,0
000023943.jpg,0
000023944.jpg,0
000023945.jpg,0
000023946.jpg,0
000023947.jpg,1
000023948.jpg,0
000023949.jpg,0
000023950.jpg,0
000023951.jpg,0
000023952.jpg,1
000024471.jpg,0
000024472.jpg,0
000024473.jpg,1
000024474.jpg,0
000024475.jpg,0
000024476.jpg,0
000024477.jpg,0
000024478.jpg,1
000024606.jpg,0
000024607.jpg,0
000024608.jpg,0
000024609.jpg,1
000024610.jpg,0
000024611.jpg,0
000024612.jpg,0
000024613.jpg,1
000024905.jpg,1
000024906.jpg,0
000024907.jpg,0
000024908.jpg,0
000024909.jpg,0
000024910.jpg,1
000025296.jpg,0
000025297.jpg,0
000025298.jpg,0
000025299.jpg,0
000025300.jpg,0
000025301.jpg,0
000025302.jpg,1
000025303.jpg,0
000025304.jpg,0
000025305.jpg,0
000025306.jpg,0
000025307.jpg,1
000025555.jpg,0
000025556.jpg,0
000025557.jpg,0
000025558.jpg,1
000025559.jpg,0
000025560.jpg,0
000025561.jpg,0
000025562.jpg,1
000025563.jpg,0
000025564.jpg,0
000025565.jpg,0
000025566.jpg,0
000025567.jpg,0
000025568.jpg,0
000025569.jpg,0
000025570.jpg,1
000025641.jpg,1
000025642.jpg,0
000025643.jpg,0
000025644.jpg,0
000025645.jpg,0
000025646.jpg,0
000025647.jpg,0
000025648.jpg,0
000025649.jpg,1
000025650.jpg,1
000025769.jpg,0
000025770.jpg,0
000025771.jpg,0
000025772.jpg,0
000025773.jpg,0
000025774.jpg,0
000025775.jpg,1
000025776.jpg,0
000025793.jpg,0
000025794.jpg,0
000025795.jpg,0
000025796.jpg,1
000025797.jpg,0
000025798.jpg,0
000025799.jpg,1
000025800.jpg,0
000026000.jpg,1
000026001.jpg,0
000026002.jpg,0
000026003.jpg,1
000026004.jpg,0
000026005.jpg,0
000026006.jpg,0
000026007.jpg,1
000026162.jpg,0
000026163.jpg,1
000026164.jpg,0
000026165.jpg,0
000026166.jpg,0
000026167.jpg,0
000026168.jpg,0
000026169.jpg,0
000026434.jpg,1
000026435.jpg,0
000026436.jpg,0
000026437.jpg,1
000026438.jpg,0
000026439.jpg,0
000026440.jpg,0
000026441.jpg,1
000026462.jpg,1
000026463.jpg,0
000026464.jpg,0
000026465.jpg,0
000026466.jpg,1
000026467.jpg,0
000026468.jpg,0
000026469.jpg,1
000026470.jpg,0
000026471.jpg,1
000027415.jpg,0
000027416.jpg,0
000027417.jpg,0
000027418.jpg,1
000027419.jpg,0
000027420.jpg,0
000027421.jpg,0
000027422.jpg,0
000027423.jpg,1
000027424.jpg,0
000027425.jpg,0
000027426.jpg,0
000027427.jpg,0
000027428.jpg,0
000027429.jpg,1
000027430.jpg,0
000027431.jpg,0
000027432.jpg,1
000027433.jpg,1
000027641.jpg,0
000027642.jpg,0
000027643.jpg,0
000027644.jpg,1
000027645.jpg,0
000027646.jpg,0
000027647.jpg,0
000027648.jpg,3
000027828.jpg,0
000027829.jpg,0
000027830.jpg,0
000027831.jpg,1
000027832.jpg,0
000027833.jpg,0
000027834.jpg,0
000027835.jpg,0
000027836.jpg,0
000027837.jpg,0
000027838.jpg,1
000028092.jpg,0
000028093.jpg,1
000028094.jpg,0
000028095.jpg,0
000028096.jpg,0
000028097.jpg,0
000028098.jpg,1
000028099.jpg,0
000028411.jpg,0
000028412.jpg,0
000028413.jpg,1
000028414.jpg,0
000028415.jpg,0
000028416.jpg,0
000028417.jpg,1
000028418.jpg,0
000028865.jpg,0
000028866.jpg,0
000028867.jpg,0
000028868.jpg,1
000028869.jpg,0
000028870.jpg,0
000028871.jpg,0
000028872.jpg,1
000028873.jpg,0
000028874.jpg,0
000028875.jpg,0
000028876.jpg,0
000028877.jpg,0
000028878.jpg,0
000028879.jpg,0
000028880.jpg,1
000028881.jpg,1
000028882.jpg,1
000029063.jpg,1
000029064.jpg,0
000029065.jpg,0
000029066.jpg,0
000029067.jpg,0
000029068.jpg,0
000029069.jpg,1
000029070.jpg,0
000029169.jpg,0
000029170.jpg,0
000029171.jpg,0
000029172.jpg,0
000029173.jpg,0
000029174.jpg,0
000029175.jpg,1
000029176.jpg,0
000029177.jpg,0
000029178.jpg,0
000029179.jpg,1
000029180.jpg,0
000029181.jpg,1
000029182.jpg,0
000029183.jpg,0
000030198.jpg,1
000030199.jpg,0
000030200.jpg,0
000030201.jpg,0
000030202.jpg,0
000030203.jpg,0
000030204.jpg,1
000030205.jpg,1
000030788.jpg,0
000030789.jpg,0
000030790.jpg,0
000030791.jpg,1
000030792.jpg,1
000030793.jpg,0
000030794.jpg,0
000030795.jpg,0
000031322.jpg,0
000031323.jpg,0
000031324.jpg,3
000031325.jpg,1
000031326.jpg,0
000031327.jpg,0
000031328.jpg,0
000031329.jpg,0
000031330.jpg,0
000031331.jpg,0
000031332.jpg,1
000031333.jpg,0
000031334.jpg,0
000031335.jpg,1
000031336.jpg,0
000031671.jpg,1
000031672.jpg,0
000031673.jpg,0
000031674.jpg,0
000031675.jpg,0
000031676.jpg,1
000031677.jpg,0
000031678.jpg,0
000031804.jpg,0
000031805.jpg,0
000031806.jpg,1
000031807.jpg,0
000031808.jpg,0
000031809.jpg,0
000031810.jpg,0
000031811.jpg,1
000031830.jpg,1
000031831.jpg,0
000031832.jpg,0
000031833.jpg,0
000031834.jpg,0
000031835.jpg,0
000031836.jpg,0
000031837.jpg,1
000031907.jpg,0
000031908.jpg,1
000031909.jpg,1
000031910.jpg,0
000031911.jpg,0
000031912.jpg,0
000031913.jpg,0
000031914.jpg,1
000031915.jpg,0
000031916.jpg,0
000031917.jpg,0
000031918.jpg,1
000032236.jpg,0
000032237.jpg,0
000032238.jpg,1
000032239.jpg,0
000032240.jpg,0
000032241.jpg,0
000032242.jpg,0
000032243.jpg,1
000032271.jpg,0
000032272.jpg,0
000032273.jpg,0
000032274.jpg,1
000032275.jpg,0
000032276.jpg,0
000032277.jpg,1
000032278.jpg,0
000032365.jpg,0
000032366.jpg,0
000032367.jpg,1
000032368.jpg,0
000032369.jpg,0
000032370.jpg,0
000032371.jpg,0
000032372.jpg,0
000032373.jpg,1
000032374.jpg,0
000032375.jpg,0
000032376.jpg,0
000032826.jpg,0
000032827.jpg,0
000032828.jpg,1
000032829.jpg,1
000032830.jpg,0
000032831.jpg,0
000032832.jpg,1
000032833.jpg,0
000033568.jpg,0
000033569.jpg,0
000033570.jpg,0
000033571.jpg,0
000033572.jpg,0
000033573.jpg,1
000033945.jpg,0
000033946.jpg,0
000033947.jpg,0
000033948.jpg,1
000033949.jpg,0
000033950.jpg,0
000033951.jpg,0
000033952.jpg,1
000034053.jpg,0
000034054.jpg,1
000034055.jpg,0
000034056.jpg,0
000034057.jpg,0
000034058.jpg,0
000034059.jpg,1
000034060.jpg,0
000034061.jpg,0
000034062.jpg,0
000034063.jpg,1
000034064.jpg,0
000034073.jpg,0
000034074.jpg,2
000034075.jpg,0
000034076.jpg,0
000034077.jpg,0
000034078.jpg,1
000034079.jpg,0
000034080.jpg,0
000034081.jpg,0
000034082.jpg,1
000034083.jpg,0
000034084.jpg,0
000034085.jpg,0
000034086.jpg,1
000034148.jpg,0
000034149.jpg,0
000034150.jpg,0
000034151.jpg,1
000034152.jpg,0
000034153.jpg,0
000034154.jpg,0
000034155.jpg,1
000037270.jpg,0
000037271.jpg,1
000037272.jpg,0
000037273.jpg,0
000037274.jpg,0
000037275.jpg,0
000037276.jpg,0
000037277.jpg,1
000037501.jpg,1
000037502.jpg,0
000037503.jpg,0
000037504.jpg,0
000037505.jpg,0
000037506.jpg,0
000037507.jpg,1
000037508.jpg,1
000039026.jpg,0
000039027.jpg,1
000039028.jpg,0
000039029.jpg,0
000039030.jpg,0
000039031.jpg,1
000039032.jpg,0
000039033.jpg,0
000039054.jpg,0
000039055.jpg,0
000039056.jpg,0
000039057.jpg,1
000039058.jpg,0
000039059.jpg,0
000039060.jpg,0
000039061.jpg,1
000039544.jpg,1
000039545.jpg,0
000039546.jpg,0
000039547.jpg,0
000039548.jpg,0
000039549.jpg,1
000039550.jpg,0
000039551.jpg,0
000039552.jpg,0
000039553.jpg,0
000039554.jpg,0
000039555.jpg,0
000039556.jpg,0
000039557.jpg,0
000039558.jpg,0
000039559.jpg,1
000039754.jpg,0
000039755.jpg,0
000039756.jpg,0
000039757.jpg,0
000039758.jpg,0
000039759.jpg,0
000039760.jpg,0
000040230.jpg,0
000040231.jpg,1
000040232.jpg,0
000040233.jpg,0
000040234.jpg,0
000040235.jpg,1
000040236.jpg,0
000040237.jpg,0
000042473.jpg,0
000042474.jpg,0
000042475.jpg,0
000042476.jpg,0
000042477.jpg,2
000042478.jpg,2
000042479.jpg,0
000042480.jpg,0
000042481.jpg,0
000042482.jpg,0
000042483.jpg,0
000042484.jpg,0
000042485.jpg,0
000042486.jpg,0
000042487.jpg,0
000042488.jpg,0
000042489.jpg,1
000042490.jpg,1
000042491.jpg,1
000044202.jpg,0
000044203.jpg,0
000044204.jpg,0
000044206.jpg,0
000044207.jpg,0
000044208.jpg,0
000044210.jpg,0
000044211.jpg,0
000044212.jpg,0
000044214.jpg,1
000044215.jpg,1
000044216.jpg,0
